policy,t_s,queue_p99_s,engine_p99_s,thrash_per_s
GlobalFIFO,0.0,,,2.0
GlobalFIFO,1.0,,,2.0
GlobalFIFO,2.0,,,1.0
GlobalFIFO,3.0,,,1.0
GlobalFIFO,4.0,,,1.0
GlobalFIFO,5.0,,,0.0
GlobalFIFO,6.0,,,1.0
GlobalFIFO,7.0,,,1.0
GlobalFIFO,8.0,0.0009249591827392578,0.04319352149963379,1.0
GlobalFIFO,9.0,0.0009281373023986816,0.043226003646850586,1.0
GlobalFIFO,10.0,0.0009277248382568359,0.04321742057800293,1.0
GlobalFIFO,11.0,0.0010367488861083983,0.04321742057800293,1.0
GlobalFIFO,12.0,0.0010367488861083983,0.04321742057800293,2.0
GlobalFIFO,13.0,0.0010367488861083983,0.04321742057800293,0.0
GlobalFIFO,14.0,0.001037898063659668,0.04226891279220581,1.0
GlobalFIFO,15.0,0.00103330135345459,0.04225492238998413,3.0
GlobalFIFO,16.0,0.0010321521759033203,0.042239208221435544,1.0
GlobalFIFO,17.0,0.001032724380493164,0.042239208221435544,2.0
GlobalFIFO,18.0,0.0011378312110900879,0.046419234275817865,2.0
GlobalFIFO,19.0,0.0011454677581787108,0.04645016670227051,2.0
GlobalFIFO,20.0,0.0011449599266052245,0.046419234275817865,3.0
GlobalFIFO,21.0,0.0011449599266052245,0.046419234275817865,3.0
GlobalFIFO,22.0,0.0011444520950317384,0.04642341613769531,2.0
GlobalFIFO,23.0,0.0011444520950317384,0.04642341613769531,3.0
GlobalFIFO,24.0,0.001143944263458252,0.04639499187469482,2.0
GlobalFIFO,25.0,0.0011454677581787108,0.046480264663696286,0.0
GlobalFIFO,26.0,0.0011459755897521972,0.04650868892669678,3.0
GlobalFIFO,27.0,0.0015097045898437495,0.046480264663696286,0.0
GlobalFIFO,28.0,0.0015036106109619137,0.04390442848205566,0.0
GlobalFIFO,29.0,0.0014703178405761723,0.04391063690185547,2.0
GlobalFIFO,30.0,0.0014703178405761723,0.04368268013000488,3.0
GlobalFIFO,31.0,0.0015329194068908693,0.04368268013000488,1.0
GlobalFIFO,32.0,0.0015305900573730467,0.041216802597045896,2.0
GlobalFIFO,33.0,0.0016940736770629883,0.04127847671508789,2.0
GlobalFIFO,34.0,0.001687769889831543,0.04127639770507813,1.0
GlobalFIFO,35.0,0.001687769889831543,0.04127639770507813,1.0
GlobalFIFO,36.0,0.0016861939430236814,0.04127587795257568,2.0
GlobalFIFO,37.0,0.001641936302185058,0.045580141544342034,3.0
GlobalFIFO,38.0,0.0016497468948364251,0.04568617582321166,3.0
GlobalFIFO,39.0,0.0023566055297851566,0.045633158683776855,0.0
GlobalFIFO,40.0,0.002364416122436522,0.04567734003067016,1.0
GlobalFIFO,41.0,0.0023800373077392575,0.04578441381454468,1.0
GlobalFIFO,42.0,0.0023800373077392575,0.04578441381454468,1.0
GlobalFIFO,43.0,0.0023410773277282707,0.04582506656646728,3.0
GlobalFIFO,44.0,0.0023744583129882814,0.04605965137481689,1.0
GlobalFIFO,45.0,0.0023789405822753906,0.0461182975769043,4.0
GlobalFIFO,46.0,0.0023789405822753906,0.0461182975769043,1.0
GlobalFIFO,47.0,0.002344665527343751,0.04051812648773193,1.0
GlobalFIFO,48.0,0.002344665527343751,0.04051812648773193,0.0
GlobalFIFO,49.0,0.0010790753364562989,0.03873688936233521,1.0
GlobalFIFO,50.0,0.001077723503112793,0.03873688936233521,3.0
GlobalFIFO,51.0,0.001077723503112793,0.03873688936233521,1.0
GlobalFIFO,52.0,0.0012697982788085938,0.03989574432373047,1.0
GlobalFIFO,53.0,0.0012697982788085938,0.03989574432373047,1.0
GlobalFIFO,54.0,0.0012680673599243164,0.03988450527191162,2.0
GlobalFIFO,55.0,0.0012663364410400392,0.039873266220092775,1.0
GlobalFIFO,56.0,0.0012680673599243164,0.03988450527191162,3.0
GlobalFIFO,57.0,0.0012585043907165528,0.04006946086883545,2.0
GlobalFIFO,58.0,0.0012585043907165528,0.04006946086883545,2.0
GlobalFIFO,59.0,0.0015440654754638671,0.04006857872009277,2.0
GlobalFIFO,60.0,0.001541295051574707,0.040111122131347654,1.0
GlobalFIFO,61.0,0.0015385246276855469,0.04114133834838867,1.0
GlobalFIFO,62.0,0.0014982986450195312,0.04114133834838867,2.0
GlobalFIFO,63.0,0.0015153908729553223,0.041130170822143555,1.0
GlobalFIFO,64.0,0.0015254569053649901,0.04115250587463379,0.0
GlobalFIFO,65.0,0.001530489921569824,0.041163673400878904,1.0
GlobalFIFO,66.0,0.0015204238891601562,0.0426320743560791,1.0
GlobalFIFO,67.0,0.0015254569053649901,0.0426473069190979,0.0
GlobalFIFO,68.0,0.0021029090881347656,0.0426320743560791,2.0
GlobalFIFO,69.0,0.0021079254150390627,0.0426320743560791,0.0
GlobalFIFO,70.0,0.0021184587478637693,0.0426625394821167,0.0
GlobalFIFO,71.0,0.0021237254142761233,0.042628931999206546,2.0
GlobalFIFO,72.0,0.0021237254142761233,0.042628931999206546,0.0
GlobalFIFO,73.0,0.0021289920806884764,0.04265393257141113,2.0
GlobalFIFO,74.0,0.0021131920814514158,0.04266122579574585,1.0
GlobalFIFO,75.0,0.0021079254150390627,0.04264798164367676,2.0
GlobalFIFO,76.0,0.0021131920814514158,0.0413568377494812,2.0
GlobalFIFO,77.0,0.0020973920822143556,0.0413569450378418,1.0
GlobalFIFO,78.0,0.0015516805648803712,0.04136420249938965,1.0
GlobalFIFO,79.0,0.0008201837539672851,0.04317338466644287,1.0
GlobalFIFO,80.0,0.0008201837539672851,0.04317338466644287,2.0
GlobalFIFO,81.0,0.0008201837539672851,0.04317338466644287,1.0
GlobalFIFO,82.0,0.0008794903755187988,0.04311525583267212,1.0
GlobalFIFO,83.0,0.0008794903755187988,0.04311525583267212,0.0
GlobalFIFO,84.0,0.000874018669128418,0.043100810050964354,0.0
GlobalFIFO,85.0,0.0008753561973571778,0.043127443790435795,1.0
GlobalFIFO,86.0,0.0012505865097045899,0.043127443790435795,1.0
GlobalFIFO,87.0,0.0012625598907470702,0.04312228679656982,0.0
GlobalFIFO,88.0,0.0012625598907470702,0.04312228679656982,1.0
GlobalFIFO,89.0,0.0012659287452697753,0.039261620044708255,2.0
GlobalFIFO,90.0,0.001262989044189453,0.03927894592285156,1.0
GlobalFIFO,91.0,0.001262989044189453,0.03927894592285156,2.0
GlobalFIFO,92.0,0.0012747478485107423,0.03928254127502442,2.0
GlobalFIFO,93.0,0.0012688684463500975,0.04274555206298828,2.0
GlobalFIFO,94.0,0.0012659287452697753,0.04270874977111816,3.0
GlobalFIFO,95.0,0.001262989044189453,0.042671947479248046,0.0
GlobalFIFO,96.0,0.0009832096099853516,0.042734375,2.0
GlobalFIFO,97.0,0.0009820437431335449,0.04270537614822388,1.0
GlobalFIFO,98.0,0.0009820437431335449,0.04270537614822388,1.0
GlobalFIFO,99.0,0.0022195887565612795,0.04330656051635742,2.0
GlobalFIFO,100.0,0.0022195887565612795,0.04330656051635742,2.0
GlobalFIFO,101.0,0.00220482349395752,0.04330282211303711,0.0
GlobalFIFO,102.0,0.0021752929687499987,0.043295345306396484,1.0
GlobalFIFO,103.0,0.00220482349395752,0.04328243732452393,0.0
GlobalFIFO,104.0,0.0022195887565612795,0.043288214206695555,1.0
GlobalFIFO,105.0,0.0022221803665161137,0.04328243732452393,4.0
GlobalFIFO,106.0,0.0022221803665161137,0.04328243732452393,1.0
GlobalFIFO,107.0,0.002235209941864014,0.043288214206695555,0.0
GlobalFIFO,108.0,0.002235209941864014,0.043288214206695555,2.0
GlobalFIFO,109.0,0.0010244131088256836,0.042590835094451905,1.0
GlobalFIFO,110.0,0.001022088527679443,0.04251453161239624,0.0
GlobalFIFO,111.0,0.0010372018814086914,0.043411879539489745,2.0
GlobalFIFO,112.0,0.0010380816459655761,0.043084690570831294,1.0
GlobalFIFO,113.0,0.0010380816459655761,0.043084690570831294,4.0
GlobalFIFO,114.0,0.0010372018814086914,0.04305139064788818,1.0
GlobalFIFO,115.0,0.0009443187713623046,0.043080596923828124,2.0
GlobalFIFO,116.0,0.0009443187713623046,0.043080596923828124,4.0
GlobalFIFO,117.0,0.0009418582916259766,0.04301816940307617,2.0
GlobalFIFO,118.0,0.0009393978118896485,0.04295574188232422,1.0
GlobalFIFO,119.0,0.0009430885314941406,0.043049383163452144,2.0
GlobalFIFO,120.0,0.0009419775009155275,0.04335189342498779,1.0
GlobalFIFO,121.0,0.0007800626754760743,0.04183360576629639,0.0
GlobalFIFO,122.0,0.0007797336578369141,0.04371238708496093,0.0
GlobalFIFO,123.0,0.0007787466049194335,0.04365872144699097,1.0
GlobalFIFO,124.0,0.0007790756225585937,0.04367776393890381,0.0
GlobalFIFO,125.0,0.0007505226135253906,0.04371584892272949,0.0
GlobalFIFO,126.0,0.0007505440711975098,0.04373489141464233,0.0
GlobalFIFO,127.0,0.0007505869865417481,0.04377297639846802,1.0
GlobalFIFO,128.0,0.0007506084442138672,0.04379201889038086,2.0
GlobalFIFO,129.0,0.0007505869865417481,0.04377297639846802,1.0
GlobalFIFO,130.0,0.0007482051849365234,0.04377297639846802,1.0
GlobalFIFO,131.0,0.0007414388656616211,0.04377297639846802,2.0
GlobalFIFO,132.0,0.0007414436340332032,0.0418506908416748,1.0
GlobalFIFO,133.0,0.0007414579391479492,0.03963422775268555,0.0
GlobalFIFO,134.0,0.0007414579391479492,0.03963422775268555,2.0
GlobalFIFO,135.0,0.0007414674758911133,0.0396265983581543,2.0
GlobalFIFO,136.0,0.0007414674758911133,0.0396265983581543,3.0
GlobalFIFO,137.0,0.0007414627075195313,0.0396624755859375,1.0
GlobalFIFO,138.0,0.0007414650917053222,0.03950389146804809,0.0
GlobalFIFO,139.0,0.0007414674758911133,0.039354386329650874,0.0
GlobalFIFO,140.0,0.0007412314414978027,0.03938676118850708,0.0
GlobalFIFO,141.0,,,2.0
GlobalFIFO,142.0,,,2.0
GlobalFIFO,143.0,,,1.0
GlobalFIFO,144.0,0.0007455468177795411,0.042905104160308835,1.0
GlobalFIFO,145.0,0.0007563066482543945,0.042869772911071774,2.0
GlobalFIFO,146.0,0.0007569289207458496,0.04283444166183471,4.0
GlobalFIFO,147.0,0.0007569289207458496,0.04294055223464966,1.0
GlobalFIFO,148.0,0.0007569217681884766,0.042920379638671874,1.0
GlobalFIFO,149.0,0.0007569217681884766,0.042920379638671874,3.0
GlobalFIFO,150.0,0.0007569074630737304,0.04288003444671631,2.0
GlobalFIFO,151.0,0.0007593131065368652,0.04285986185073853,3.0
GlobalFIFO,152.0,0.0007593131065368652,0.0429174542427063,2.0
GlobalFIFO,153.0,0.000759286880493164,0.04345626831054687,4.0
GlobalFIFO,154.0,0.0007593131065368652,0.043296217918395996,0.0
GlobalFIFO,155.0,0.0007593011856079101,0.04333460330963135,2.0
GlobalFIFO,156.0,0.0007588958740234375,0.04335379600524902,0.0
GlobalFIFO,157.0,0.0007590723037719727,0.043392181396484375,2.0
GlobalFIFO,158.0,0.0007432222366333006,0.043392181396484375,1.0
GlobalFIFO,159.0,0.0007404923439025878,0.0433729887008667,1.0
GlobalFIFO,160.0,0.0007638597488403321,0.043392181396484375,1.0
GlobalFIFO,161.0,0.0007692313194274902,0.0433729887008667,2.0
GlobalFIFO,162.0,0.0007692313194274902,0.04331711292266845,0.0
GlobalFIFO,163.0,0.0007691216468811035,0.04258823156356811,3.0
GlobalFIFO,164.0,0.0007691216468811035,0.04258823156356811,1.0
GlobalFIFO,165.0,0.0007690119743347167,0.04258458375930786,0.0
GlobalFIFO,166.0,0.0007695150375366211,0.04496227741241455,4.0
GlobalFIFO,167.0,0.0011974215507507323,0.044936740398406984,2.0
GlobalFIFO,168.0,0.0011974215507507323,0.044936740398406984,2.0
GlobalFIFO,169.0,0.001220560073852539,0.044936740398406984,1.0
GlobalFIFO,170.0,0.0012240505218505857,0.04496227741241455,0.0
GlobalFIFO,171.0,0.0012310314178466794,0.045013351440429686,3.0
GlobalFIFO,172.0,0.0012240505218505857,0.04496227741241455,0.0
GlobalFIFO,173.0,0.0012275409698486324,0.04477330207824707,1.0
GlobalFIFO,174.0,0.0012310314178466794,0.04481534004211425,2.0
GlobalFIFO,175.0,0.0012345218658447268,0.04476852416992188,0.0
GlobalFIFO,176.0,0.0012449932098388672,0.040191125869750974,1.0
GlobalFIFO,177.0,0.0009148502349853515,0.040239076614379886,2.0
GlobalFIFO,178.0,0.0009137225151062012,0.04023043155670166,2.0
GlobalFIFO,179.0,0.000808095932006836,0.04023043155670166,1.0
GlobalFIFO,180.0,0.000808095932006836,0.04023043155670166,2.0
GlobalFIFO,181.0,0.000808095932006836,0.04023043155670166,1.0
GlobalFIFO,182.0,0.0008303642272949219,0.041949596405029294,1.0
GlobalFIFO,183.0,0.0008315086364746094,0.041985278129577634,0.0
GlobalFIFO,184.0,0.0008315086364746094,0.041985278129577634,2.0
GlobalFIFO,185.0,0.0010612964630126952,0.04196331977844238,2.0
GlobalFIFO,186.0,0.0010612964630126952,0.04196331977844238,1.0
GlobalFIFO,187.0,0.0014141559600830077,0.04196331977844238,2.0
GlobalFIFO,188.0,0.0014177560806274414,0.04198482036590576,0.0
GlobalFIFO,189.0,0.0014069557189941406,0.044568901062011716,5.0
GlobalFIFO,190.0,0.0014033555984497071,0.044543495178222654,1.0
GlobalFIFO,191.0,0.0013997554779052737,0.04451808929443359,3.0
GlobalFIFO,192.0,0.0014069557189941406,0.044568901062011716,0.0
GlobalFIFO,193.0,0.0014069557189941406,0.044568901062011716,0.0
GlobalFIFO,194.0,0.0014069557189941406,0.044568901062011716,2.0
GlobalFIFO,195.0,0.0013883423805236814,0.04459430694580078,1.0
GlobalFIFO,196.0,0.001381568908691406,0.044568901062011716,2.0
GlobalFIFO,197.0,0.0007568645477294922,0.044568901062011716,1.0
GlobalFIFO,198.0,0.0007570576667785644,0.04459430694580078,2.0
GlobalFIFO,199.0,,,3.0
GlobalFIFO,200.0,,,3.0
GlobalFIFO,201.0,,,1.0
GlobalFIFO,202.0,,,1.0
GlobalFIFO,203.0,0.0008569812774658202,8.677032346725463,1.0
GlobalFIFO,204.0,0.0008831310272216797,8.671882882118226,0.0
GlobalFIFO,205.0,0.0008831310272216797,8.671882882118226,0.0
GlobalFIFO,206.0,0.000883331298828125,8.677032346725463,1.0
GlobalFIFO,207.0,0.0008835315704345704,8.682181811332702,3.0
GlobalFIFO,208.0,0.0008982038497924805,8.677032346725463,0.0
GlobalFIFO,209.0,0.0009133338928222657,8.666733417510986,0.0
GlobalFIFO,210.0,0.0009132003784179687,8.661583952903747,2.0
GlobalFIFO,211.0,0.0013194370269775393,8.65128502368927,0.0
GlobalFIFO,212.0,0.0013194370269775393,8.176805243492126,1.0
GlobalFIFO,213.0,0.0013376331329345702,6.572419753074644,1.0
GlobalFIFO,214.0,0.003595860004425048,8.070166218280791,0.0
GlobalFIFO,215.0,0.003595860004425048,8.070166218280791,0.0
GlobalFIFO,216.0,0.0035719203948974608,8.281949501037598,0.0
GlobalFIFO,217.0,0.0035479807853698734,8.256798722743989,0.0
GlobalFIFO,218.0,0.0035719203948974608,8.281949501037598,0.0
GlobalFIFO,219.0,0.0036197996139526356,8.332251057624816,3.0
GlobalFIFO,220.0,1.6751696062088004,8.332251057624816,0.0
GlobalFIFO,221.0,1.7551763081550598,8.307100279331207,1.0
GlobalFIFO,222.0,1.7589875650405882,8.332251057624816,0.0
GlobalFIFO,223.0,1.7551763081550598,8.307100279331207,0.0
GlobalFIFO,224.0,1.7475537943840027,5.8415458035469054,0.0
GlobalFIFO,225.0,1.7399312806129457,5.813427560329438,3.0
GlobalFIFO,226.0,1.7437425374984743,4.132413029670717,0.0
GlobalFIFO,227.0,1.7475537943840027,0.2619861936569214,1.0
GlobalFIFO,228.0,1.7437425374984743,11.928866362571721,0.0
GlobalFIFO,229.0,1.7437425374984743,11.928866362571721,0.0
GlobalFIFO,230.0,1.3981369972229003,13.042631316184998,0.0
GlobalFIFO,231.0,0.4790222644805908,13.079083385467529,1.0
GlobalFIFO,232.0,0.4790222644805908,13.079083385467529,2.0
GlobalFIFO,233.0,1.3670716547966004,13.060857350826264,1.0
GlobalFIFO,234.0,1.3709174466133116,13.097309420108795,0.0
GlobalFIFO,235.0,1.3689945507049561,13.079083385467529,0.0
GlobalFIFO,236.0,1.3689945507049561,13.079083385467529,0.0
GlobalFIFO,237.0,1.3689945507049561,13.079083385467529,1.0
GlobalFIFO,238.0,1.3670716547966004,11.274436478614808,1.0
GlobalFIFO,239.0,1.3651487588882447,11.260230731964112,1.0
GlobalFIFO,240.0,1.3651487588882447,9.701897644996643,1.0
GlobalFIFO,241.0,1.3651487588882447,7.181517624855042,1.0
GlobalFIFO,242.0,1.361302967071533,32.419710388183596,1.0
GlobalFIFO,243.0,1.088872504234314,32.43894894123078,2.0
GlobalFIFO,244.0,1.7644566774368289,32.43894894123078,0.0
GlobalFIFO,245.0,1.786834189891815,32.467806770801545,0.0
GlobalFIFO,246.0,1.786834189891815,32.467806770801545,0.0
GlobalFIFO,247.0,1.7793750190734863,32.45818749427795,0.0
GlobalFIFO,248.0,1.786834189891815,32.467806770801545,0.0
GlobalFIFO,249.0,1.7917380809783932,32.47742604732513,0.0
GlobalFIFO,250.0,1.7996231317520144,32.487045323848726,0.0
GlobalFIFO,251.0,1.8075081825256347,32.49666460037231,0.0
GlobalFIFO,252.0,,,0.0
GlobalFIFO,253.0,,,2.0
GlobalFIFO,254.0,0.3296494960784912,28.206967067718505,0.0
GlobalFIFO,255.0,0.32280106544494613,28.18084876537323,0.0
GlobalFIFO,256.0,0.4790279674530029,28.154730463027953,0.0
GlobalFIFO,257.0,0.4805027675628662,26.703593270778654,0.0
GlobalFIFO,258.0,0.45987994194030757,23.234529123306274,0.0
GlobalFIFO,259.0,0.45987994194030757,23.234529123306274,0.0
GlobalFIFO,260.0,0.45987994194030757,23.234529123306274,0.0
GlobalFIFO,261.0,2.9522228717803953,23.158687152862548,3.0
GlobalFIFO,262.0,2.9522228717803953,21.483931379318236,2.0
GlobalFIFO,263.0,2.9522228717803953,21.483931379318236,3.0
GlobalFIFO,264.0,2.953081250190735,20.3123717546463,0.0
GlobalFIFO,265.0,2.9539396286010744,18.63723467826843,0.0
GlobalFIFO,266.0,2.9543688178062437,16.73000871181488,0.0
GlobalFIFO,267.0,2.9543688178062437,16.73000871181488,2.0
GlobalFIFO,268.0,2.9547980070114135,10.804153342247009,0.0
GlobalFIFO,269.0,2.9547980070114135,10.804153342247009,0.0
GlobalFIFO,270.0,2.9539396286010744,10.804051504135131,0.0
GlobalFIFO,271.0,2.645005016326904,10.699450531005859,0.0
GlobalFIFO,272.0,0.08025171279907226,9.156402006149293,0.0
GlobalFIFO,273.0,2.7308577537536625,9.138365495204926,2.0
GlobalFIFO,274.0,2.799843544960021,9.120328984260558,2.0
GlobalFIFO,275.0,2.788119270801544,9.102292473316192,4.0
GlobalFIFO,276.0,2.799843544960021,7.270445232391356,0.0
GlobalFIFO,277.0,2.799843544960021,7.270445232391356,2.0
GlobalFIFO,278.0,2.799843544960021,21.41374305725097,0.0
GlobalFIFO,279.0,2.799843544960021,21.41374305725097,0.0
GlobalFIFO,280.0,2.8115678191185,22.405809342861176,0.0
GlobalFIFO,281.0,2.788119270801544,22.379749691486357,0.0
GlobalFIFO,282.0,2.788119270801544,22.379749691486357,0.0
GlobalFIFO,283.0,1.6838301301002503,22.379749691486357,0.0
GlobalFIFO,284.0,1.3789525032043457,22.36671986579895,0.0
GlobalFIFO,285.0,0.001381988525390625,22.379749691486357,0.0
GlobalFIFO,286.0,0.001381988525390625,22.379749691486357,2.0
GlobalFIFO,287.0,1.8158305597305298,22.35369004011154,1.0
GlobalFIFO,288.0,1.8207456016540526,21.075469608306886,1.0
GlobalFIFO,289.0,1.810915517807007,21.052343034744265,1.0
GlobalFIFO,290.0,1.8293378353118896,19.977108454704286,1.0
GlobalFIFO,291.0,2.0335153341293335,19.035315659046173,3.0
GlobalFIFO,292.0,2.0500043535232546,17.678695154190063,0.0
GlobalFIFO,293.0,2.0499304294586183,16.94740011692047,1.0
GlobalFIFO,294.0,2.0500043535232546,11.952064142227172,0.0
GlobalFIFO,295.0,2.049856505393982,11.951097192764282,0.0
GlobalFIFO,296.0,2.049856505393982,11.951097192764282,0.0
GlobalFIFO,297.0,2.0500043535232546,10.503643629550934,0.0
GlobalFIFO,298.0,2.620284299850464,10.502820091247559,4.0
GlobalFIFO,299.0,3.037478959560394,8.728505897521972,2.0
GlobalFIFO,300.0,3.0420381069183344,7.2101035404205325,2.0
GlobalFIFO,301.0,3.037478959560394,7.1957635402679445,0.0
GlobalFIFO,302.0,3.037478959560394,7.117817559242249,0.0
GlobalFIFO,303.0,3.046597254276276,5.82954485654831,0.0
GlobalFIFO,304.0,3.0420381069183344,5.45784083366394,1.0
GlobalFIFO,305.0,3.0511564016342163,0.19126930236816408,3.0
GlobalFIFO,306.0,3.046597254276276,23.145474154949202,0.0
GlobalFIFO,307.0,3.046597254276276,23.145474154949202,0.0
GlobalFIFO,308.0,2.9879806303977974,25.765301921367648,0.0
GlobalFIFO,309.0,2.100284605026245,25.824412937164308,0.0
GlobalFIFO,310.0,2.099325838088989,25.804709265232088,0.0
GlobalFIFO,311.0,1.2327873682975765,25.844116609096528,0.0
GlobalFIFO,312.0,0.2646718835830688,25.844116609096528,0.0
GlobalFIFO,313.0,0.2646718835830688,25.844116609096528,1.0
GlobalFIFO,314.0,2.8451678848266586,25.863820281028747,1.0
GlobalFIFO,315.0,2.917644567489624,25.824412937164308,0.0
GlobalFIFO,316.0,2.9291327881813047,24.00882720708847,2.0
GlobalFIFO,317.0,2.9291327881813047,24.00882720708847,0.0
GlobalFIFO,318.0,2.963597450256348,22.311797075271606,0.0
GlobalFIFO,319.0,2.952109229564667,22.288954055309297,2.0
GlobalFIFO,320.0,2.952109229564667,19.886023736000062,0.0
GlobalFIFO,321.0,2.940621008872985,19.839455051422117,0.0
GlobalFIFO,322.0,2.952109229564667,15.45656260251999,0.0
GlobalFIFO,323.0,2.952109229564667,15.45656260251999,0.0
GlobalFIFO,324.0,1.8217657518386838,15.349481825828553,0.0
GlobalFIFO,325.0,0.14735337495803835,13.11579772233963,1.0
GlobalFIFO,326.0,0.5918179035186767,13.07987512588501,0.0
GlobalFIFO,327.0,0.5918179035186767,13.07987512588501,3.0
GlobalFIFO,328.0,1.1317747354507448,13.055926728248597,0.0
GlobalFIFO,329.0,1.1317747354507448,11.834299349784851,0.0
GlobalFIFO,330.0,1.1317747354507448,10.29572446346283,0.0
GlobalFIFO,331.0,1.1317747354507448,8.102786135673522,0.0
GlobalFIFO,332.0,1.1317747354507448,8.102786135673522,0.0
GlobalFIFO,333.0,1.1261972022056583,8.102218873500824,1.0
GlobalFIFO,334.0,1.1373522686958313,6.618644192218781,0.0
GlobalFIFO,335.0,1.142929801940918,5.817184009552002,0.0
GlobalFIFO,336.0,1.15134471654892,3.9450471282005313,1.0
GlobalFIFO,337.0,1.1368625760078428,32.605689413547516,1.0
GlobalFIFO,338.0,0.447874128818512,32.62175749540329,1.0
GlobalFIFO,339.0,0.14171057462692258,32.605689413547516,0.0
GlobalFIFO,340.0,0.005292744636535644,32.605689413547516,0.0
GlobalFIFO,341.0,0.005060880184173583,32.605689413547516,0.0
GlobalFIFO,342.0,0.005165100097656251,32.581587290763856,0.0
GlobalFIFO,343.0,0.005122327804565428,32.56551920890808,1.0
GlobalFIFO,344.0,0.005100941658020018,32.5574851679802,1.0
GlobalFIFO,345.0,0.7032689452171325,32.54141708612442,2.0
GlobalFIFO,346.0,0.7032689452171325,32.54141708612442,0.0
GlobalFIFO,347.0,0.7329257869720459,30.523122043609618,0.0
GlobalFIFO,348.0,0.7329257869720459,30.523122043609618,0.0
GlobalFIFO,349.0,0.7328532648086548,29.15757667541504,0.0
GlobalFIFO,350.0,0.7328895258903504,27.698464045524595,1.0
GlobalFIFO,351.0,0.7329257869720459,27.560736293792726,3.0
GlobalFIFO,352.0,2.0762847542762755,26.35034613609314,2.0
GlobalFIFO,353.0,2.0932582354545586,25.188246071338654,0.0
GlobalFIFO,354.0,2.1017449760437,23.179759044647216,0.0
GlobalFIFO,355.0,2.1102317166328435,21.344832134246825,0.0
GlobalFIFO,356.0,2.1017449760437,21.344756031036376,0.0
GlobalFIFO,357.0,2.1272051978111266,20.596656165122987,4.0
GlobalFIFO,358.0,2.1102317166328435,20.596495118141174,2.0
GlobalFIFO,359.0,2.1526654195785517,16.170750517845153,0.0
GlobalFIFO,360.0,2.1356919384002686,16.15030156135559,0.0
GlobalFIFO,361.0,2.1272051978111266,16.14007708311081,0.0
GlobalFIFO,362.0,0.9864855957031247,14.980329680442809,0.0
GlobalFIFO,363.0,0.0015261244773864745,13.70423825263977,2.0
GlobalFIFO,364.0,0.0015250015258789062,13.701346654891967,2.0
GlobalFIFO,365.0,0.003673915863037109,13.276455965042114,0.0
GlobalFIFO,366.0,0.6815400362014772,11.41110165119171,0.0
GlobalFIFO,367.0,0.6815400362014772,11.41110165119171,0.0
GlobalFIFO,368.0,0.687496395111084,9.507625875473023,2.0
GlobalFIFO,369.0,0.6845182156562806,9.498946194648743,0.0
GlobalFIFO,370.0,0.6904745745658873,8.123984298706054,1.0
GlobalFIFO,371.0,0.6934527540206907,6.028554067611694,0.0
GlobalFIFO,372.0,0.6934527540206907,6.028554067611694,1.0
GlobalFIFO,373.0,0.6904745745658873,24.018550400733947,0.0
GlobalFIFO,374.0,0.6934527540206907,24.02028039932251,2.0
GlobalFIFO,375.0,0.6934527540206907,24.02028039932251,0.0
GlobalFIFO,376.0,,,2.0
GlobalFIFO,377.0,0.0029527378082275387,24.018550400733947,0.0
GlobalFIFO,378.0,0.0029527378082275387,24.018550400733947,0.0
GlobalFIFO,379.0,0.0029715156555175774,24.02028039932251,0.0
GlobalFIFO,380.0,0.0029527378082275387,24.018550400733947,0.0
GlobalFIFO,381.0,0.0029527378082275387,24.018550400733947,0.0
GlobalFIFO,382.0,0.26776092052459727,24.01336040496826,0.0
GlobalFIFO,383.0,0.2736426258087158,21.268967485427858,4.0
GlobalFIFO,384.0,0.2736426258087158,21.268967485427858,0.0
GlobalFIFO,385.0,1.1157413959503175,20.116063904762267,0.0
GlobalFIFO,386.0,1.338868215084076,20.115900547504424,0.0
GlobalFIFO,387.0,1.3511981201171874,17.060460538864135,2.0
GlobalFIFO,388.0,1.3511981201171874,17.060460538864135,0.0
GlobalFIFO,389.0,1.3496237730979919,17.03973108291626,0.0
GlobalFIFO,390.0,1.3511981201171874,15.130343198776245,0.0
GlobalFIFO,391.0,1.346475079059601,15.121715426445007,0.0
GlobalFIFO,392.0,1.3496237730979919,10.53576050043106,0.0
GlobalFIFO,393.0,1.346475079059601,10.535387847423554,0.0
GlobalFIFO,394.0,1.346475079059601,10.535387847423554,0.0
GlobalFIFO,395.0,1.3511981201171874,9.348367547988891,3.0
GlobalFIFO,396.0,1.169503698348999,8.374166021347046,2.0
GlobalFIFO,397.0,1.298510637283325,7.418002281188965,1.0
GlobalFIFO,398.0,1.292501575946808,7.3970126438140875,0.0
GlobalFIFO,399.0,1.3363087415695192,5.4856264114379885,2.0
GlobalFIFO,400.0,1.3363087415695192,5.4856264114379885,0.0
GlobalFIFO,401.0,1.338363618850708,5.068236312866211,4.0
GlobalFIFO,402.0,1.3393910574913024,4.195655932426453,0.0
GlobalFIFO,403.0,1.340418496131897,2.077134304046631,3.0
GlobalFIFO,404.0,1.340418496131897,2.077134304046631,1.0
GlobalFIFO,405.0,1.3393910574913024,2.076788387298584,2.0
GlobalFIFO,406.0,1.3393910574913024,2.076788387298584,0.0
GlobalFIFO,407.0,1.2259461617469787,2.0760965538024903,2.0
GlobalFIFO,408.0,1.2259461617469787,2.0760965538024903,1.0
GlobalFIFO,409.0,0.0009552860260009765,0.7684067058563232,0.0
GlobalFIFO,410.0,0.0009552860260009765,0.7684067058563232,2.0
GlobalFIFO,411.0,0.0009486484527587891,0.06839386940002441,0.0
GlobalFIFO,412.0,0.0009486484527587891,0.06839386940002441,2.0
GlobalFIFO,413.0,0.0009486484527587891,0.04072413444519043,1.0
GlobalFIFO,414.0,0.0023175001144409187,0.043694281578063966,1.0
GlobalFIFO,415.0,0.0023175001144409187,0.043694281578063966,1.0
GlobalFIFO,416.0,0.002302439212799073,0.0436655068397522,2.0
GlobalFIFO,417.0,0.002323698997497559,0.043723056316375734,1.0
GlobalFIFO,418.0,0.002339744567871094,0.0437518310546875,2.0
GlobalFIFO,419.0,0.002339744567871094,0.0437518310546875,2.0
GlobalFIFO,420.0,0.002307653427124024,0.04444422721862793,0.0
GlobalFIFO,421.0,0.002323698997497559,0.04444936275482178,1.0
GlobalFIFO,422.0,0.0022916078567504893,0.04443909168243408,0.0
GlobalFIFO,423.0,0.0022755622863769517,0.04443395614624023,1.0
GlobalFIFO,424.0,0.0008571147918701172,0.04412827491760254,2.0
GlobalFIFO,425.0,0.000856471061706543,0.044309561252594,5.0
GlobalFIFO,426.0,0.000796818733215332,0.044309561252594,1.0
GlobalFIFO,427.0,0.0007946252822875977,0.04432647228240967,1.0
GlobalFIFO,428.0,0.0009519195556640624,0.04429265022277832,4.0
GlobalFIFO,429.0,0.0009519195556640624,0.04429265022277832,1.0
GlobalFIFO,430.0,0.0009553909301757813,0.0426062822341919,0.0
GlobalFIFO,431.0,0.0009553909301757813,0.0426062822341919,2.0
GlobalFIFO,432.0,0.0009552192687988281,0.04247164726257324,1.0
GlobalFIFO,433.0,0.0009643745422363282,0.04247164726257324,2.0
GlobalFIFO,434.0,0.0009706234931945801,0.04243004322052002,2.0
GlobalFIFO,435.0,0.0021072363853454593,0.03850947141647339,0.0
GlobalFIFO,436.0,0.0021072363853454593,0.04210080146789551,1.0
GlobalFIFO,437.0,0.0021072363853454593,0.04210080146789551,1.0
GlobalFIFO,438.0,0.00211371660232544,0.04210080146789551,1.0
GlobalFIFO,439.0,0.0021254634857177735,0.04214280128479004,0.0
GlobalFIFO,440.0,0.0021254634857177735,0.04214280128479004,1.0
GlobalFIFO,441.0,0.00211371660232544,0.04210080146789551,2.0
GlobalFIFO,442.0,0.002090222835540772,0.042122676372528076,1.0
GlobalFIFO,443.0,0.00211371660232544,0.04218742609024048,1.0
GlobalFIFO,444.0,0.00211371660232544,0.04222394704818726,3.0
GlobalFIFO,445.0,0.0010271263122558594,0.04231484413146973,2.0
GlobalFIFO,446.0,0.0010315322875976561,0.04038241863250732,3.0
GlobalFIFO,447.0,0.0010271263122558594,0.04036677360534668,2.0
GlobalFIFO,448.0,0.000814828872680664,0.04036677360534668,0.0
GlobalFIFO,449.0,0.0011751842498779299,0.044930169582366945,3.0
GlobalFIFO,450.0,0.0011711978912353513,0.04487959861755371,2.0
GlobalFIFO,451.0,0.0011711978912353513,0.04487959861755371,1.0
GlobalFIFO,452.0,0.0011708307266235353,0.044930169582366945,0.0
GlobalFIFO,453.0,0.0011620664596557614,0.04482902765274047,1.0
GlobalFIFO,454.0,0.001166448593139648,0.04487959861755371,1.0
GlobalFIFO,455.0,0.0011864900588989256,0.04508817195892334,1.0
GlobalFIFO,456.0,0.0011864900588989256,0.04508817195892334,2.0
GlobalFIFO,457.0,0.0011914968490600588,0.04514944553375244,0.0
GlobalFIFO,458.0,0.0011965036392211914,0.04521071910858154,0.0
GlobalFIFO,459.0,0.0009565925598144531,0.04225714683532715,0.0
GlobalFIFO,460.0,0.0009586095809936524,0.04228475093841553,1.0
GlobalFIFO,461.0,0.0009566497802734374,0.04225714683532715,2.0
GlobalFIFO,462.0,0.0009566497802734374,0.04204072475433349,1.0
GlobalFIFO,463.0,0.0009586572647094727,0.04210439920425415,1.0
GlobalFIFO,464.0,0.0009526348114013672,0.04222860336303711,1.0
GlobalFIFO,465.0,0.0007671880722045899,0.039759249687194825,0.0
GlobalFIFO,466.0,0.0007671880722045899,0.039759249687194825,0.0
GlobalFIFO,467.0,0.0007671880722045899,0.039759249687194825,1.0
GlobalFIFO,468.0,0.000767061710357666,0.03986058712005615,1.0
GlobalFIFO,469.0,0.000767061710357666,0.03986058712005615,1.0
GlobalFIFO,470.0,0.000781397819519043,0.041487927436828616,4.0
GlobalFIFO,471.0,0.0007797122001647949,0.041455130577087405,3.0
GlobalFIFO,472.0,0.0007770061492919922,0.04147152900695801,3.0
GlobalFIFO,473.0,0.0007814168930053711,0.041455130577087405,1.0
GlobalFIFO,474.0,0.0007816553115844727,0.04131424903869629,1.0
GlobalFIFO,475.0,0.0007811784744262695,0.04117146492004394,1.0
GlobalFIFO,476.0,0.0007811784744262695,0.04117146492004394,1.0
GlobalFIFO,477.0,0.000780940055847168,0.04110007286071777,3.0
GlobalFIFO,478.0,0.0007810592651367188,0.04102234840393066,1.0
GlobalFIFO,479.0,0.0009685802459716797,0.041622161865234375,2.0
GlobalFIFO,480.0,0.0027132987976074214,0.04118623733520508,3.0
GlobalFIFO,481.0,0.0027743458747863754,0.041254830360412595,2.0
GlobalFIFO,482.0,0.0027539968490600574,0.041231966018676756,1.0
GlobalFIFO,483.0,0.002724208831787109,0.04127824783325195,0.0
GlobalFIFO,484.0,0.002704541683197018,0.04126113414764404,2.0
GlobalFIFO,485.0,0.0027438759803771967,0.041493344306945804,2.0
GlobalFIFO,486.0,0.002704541683197018,0.0414855146408081,2.0
GlobalFIFO,487.0,0.002724208831787109,0.04151346206665039,1.0
GlobalFIFO,488.0,0.002724208831787109,0.04151346206665039,1.0
GlobalFIFO,489.0,0.0027438759803771967,0.04128825664520264,1.0
GlobalFIFO,490.0,0.0010325574874877927,0.04129126071929932,0.0
GlobalFIFO,491.0,0.0010356044769287106,0.041292762756347655,3.0
GlobalFIFO,492.0,0.0010356044769287106,0.041292762756347655,2.0
GlobalFIFO,493.0,0.0007674694061279297,0.04129726886749267,3.0
GlobalFIFO,494.0,0.0007672858238220215,0.041300272941589354,3.0
GlobalFIFO,495.0,0.0007612037658691406,0.04126654148101807,1.0
GlobalFIFO,496.0,0.0007632923126220703,0.04128129005432129,1.0
GlobalFIFO,497.0,0.0007632923126220703,0.040566997528076174,1.0
GlobalFIFO,498.0,0.000791478157043457,0.04274705648422241,0.0
GlobalFIFO,499.0,0.0007917308807373047,0.04276993751525879,0.0
GlobalFIFO,500.0,0.0007917308807373047,0.04276993751525879,0.0
GlobalFIFO,501.0,0.0007917308807373047,0.04276993751525879,2.0
GlobalFIFO,502.0,0.0007917308807373047,0.04276993751525879,0.0
GlobalFIFO,503.0,,,0.0
GlobalFIFO,504.0,,,1.0
GlobalFIFO,505.0,0.0007861995697021484,0.04280043601989746,2.0
GlobalFIFO,506.0,0.000791633129119873,0.04278517961502075,4.0
GlobalFIFO,507.0,0.000791633129119873,0.04278517961502075,2.0
GlobalFIFO,508.0,0.0007702231407165528,0.041220355033874514,1.0
GlobalFIFO,509.0,0.0007702231407165528,0.041220355033874514,1.0
GlobalFIFO,510.0,0.0007700848579406738,0.041307666301727296,3.0
GlobalFIFO,511.0,0.0007700848579406738,0.041307666301727296,1.0
GlobalFIFO,512.0,0.0007700848579406738,0.041307666301727296,2.0
GlobalFIFO,513.0,0.0007699465751647949,0.04132092952728272,1.0
GlobalFIFO,514.0,0.0007699465751647949,0.04132092952728272,0.0
GlobalFIFO,515.0,0.0007700848579406738,0.04115378618240356,0.0
GlobalFIFO,516.0,0.0007632684707641602,0.041156153678894046,4.0
GlobalFIFO,517.0,0.0007571601867675782,0.041156153678894046,1.0
GlobalFIFO,518.0,0.0007571315765380859,0.04114905118942261,2.0
GlobalFIFO,519.0,0.0007571220397949219,0.04114668369293213,1.0
GlobalFIFO,520.0,0.0007544136047363281,0.04114638328552246,4.0
GlobalFIFO,521.0,0.0007540631294250488,0.04114338636398315,1.0
GlobalFIFO,522.0,0.0007544136047363281,0.04114638328552246,2.0
GlobalFIFO,523.0,0.0007198834419250488,0.040822584629058835,1.0
GlobalFIFO,524.0,0.0007198834419250488,0.040822584629058835,3.0
GlobalFIFO,525.0,0.0007195568084716797,0.04081571578979492,0.0
GlobalFIFO,526.0,0.0007492351531982422,0.04287176132202148,2.0
GlobalFIFO,527.0,0.0007492351531982422,0.04287176132202148,1.0
GlobalFIFO,528.0,0.0007939314842224122,0.04290387630462646,3.0
GlobalFIFO,529.0,0.0009691691398620606,0.04290387630462646,2.0
GlobalFIFO,530.0,0.0009672880172729493,0.042893171310424805,1.0
GlobalFIFO,531.0,0.0009691691398620606,0.04290387630462646,3.0
GlobalFIFO,532.0,0.0009672880172729493,0.042893171310424805,3.0
GlobalFIFO,533.0,0.0009691691398620606,0.04290387630462646,1.0
GlobalFIFO,534.0,0.0009672880172729493,0.042893171310424805,2.0
GlobalFIFO,535.0,0.0009845972061157226,0.042893171310424805,2.0
GlobalFIFO,536.0,0.0009850478172302246,0.04116352081298828,2.0
GlobalFIFO,537.0,0.0009848976135253906,0.04128835678100586,0.0
GlobalFIFO,538.0,0.0009848976135253906,0.04128835678100586,2.0
GlobalFIFO,539.0,0.0009589290618896484,0.04128835678100586,1.0
GlobalFIFO,540.0,0.0009604477882385254,0.040159742832183834,1.0
GlobalFIFO,541.0,0.0009589290618896484,0.040145034790039065,2.0
GlobalFIFO,542.0,0.0009574103355407715,0.04342837572097778,2.0
GlobalFIFO,543.0,0.0009558916091918946,0.04339358806610107,1.0
GlobalFIFO,544.0,0.0009528541564941405,0.04332401275634765,2.0
GlobalFIFO,545.0,0.0008158302307128906,0.04332401275634765,0.0
GlobalFIFO,546.0,0.0008161115646362305,0.04335880041122437,1.0
GlobalFIFO,547.0,0.0008163928985595703,0.043373513221740725,1.0
GlobalFIFO,548.0,0.0008146142959594727,0.043410308361053467,1.0
GlobalFIFO,549.0,0.0007950067520141602,0.04414079189300537,1.0
GlobalFIFO,550.0,0.0007950067520141602,0.04414079189300537,1.0
GlobalFIFO,551.0,0.0007950067520141602,0.04414079189300537,1.0
GlobalFIFO,552.0,0.0007956027984619141,0.04385530471801758,3.0
GlobalFIFO,553.0,0.0007950067520141602,0.04592323303222656,0.0
GlobalFIFO,554.0,0.0007975149154663086,0.04594254493713379,0.0
GlobalFIFO,555.0,0.001074051856994629,0.04592323303222656,2.0
GlobalFIFO,556.0,0.0010711884498596192,0.045903921127319336,4.0
GlobalFIFO,557.0,0.0010711884498596192,0.045903921127319336,2.0
GlobalFIFO,558.0,0.0010683250427246092,0.04588460922241211,3.0
GlobalFIFO,559.0,0.0010711884498596192,0.045656793117523194,4.0
GlobalFIFO,560.0,0.0010703897476196287,0.045573236942291255,1.0
GlobalFIFO,561.0,0.0010703897476196287,0.045573236942291255,1.0
GlobalFIFO,562.0,0.0010703897476196287,0.045573236942291255,1.0
GlobalFIFO,563.0,0.0010753583908081057,0.041619923114776615,3.0
GlobalFIFO,564.0,0.001080327033996582,0.038726396560668945,1.0
GlobalFIFO,565.0,0.0008483600616455079,0.03891210556030274,1.0
GlobalFIFO,566.0,0.0008490967750549316,0.03892834186553955,1.0
GlobalFIFO,567.0,0.0008468866348266601,0.0388796329498291,1.0
GlobalFIFO,568.0,0.000847623348236084,0.03889586925506592,3.0
GlobalFIFO,569.0,0.000847623348236084,0.03719717979431152,1.0
GlobalFIFO,570.0,0.000780031681060791,0.0372463321685791,1.0
GlobalFIFO,571.0,0.000780031681060791,0.0372463321685791,1.0
GlobalFIFO,572.0,0.000780031681060791,0.0372463321685791,0.0
GlobalFIFO,573.0,0.0007787942886352539,0.03727090835571289,2.0
GlobalFIFO,574.0,0.000778496265411377,0.03843543767929077,2.0
GlobalFIFO,575.0,0.000841689109802246,0.03826340436935425,1.0
GlobalFIFO,576.0,0.0008421611785888672,0.038318815231323244,1.0
GlobalFIFO,577.0,0.000845346450805664,0.03841540336608887,3.0
GlobalFIFO,578.0,0.0008429574966430664,0.04191324234008789,1.0
GlobalFIFO,579.0,0.0008437538146972656,0.041934022903442385,1.0
GlobalFIFO,580.0,0.0008429574966430664,0.04191324234008789,1.0
GlobalFIFO,581.0,0.0008437538146972656,0.041934022903442385,0.0
GlobalFIFO,582.0,0.0008437538146972656,0.041934022903442385,0.0
GlobalFIFO,583.0,0.0008437538146972656,0.041934022903442385,1.0
GlobalFIFO,584.0,0.0008437538146972656,0.041934022903442385,4.0
GlobalFIFO,585.0,0.0007688140869140625,0.041934022903442385,2.0
GlobalFIFO,586.0,0.0007607030868530273,0.041934022903442385,1.0
GlobalFIFO,587.0,0.0007595753669738769,0.04191324234008789,0.0
GlobalFIFO,588.0,0.0007615947723388672,0.03883831977844238,1.0
GlobalFIFO,589.0,0.0007653164863586425,0.03934418678283692,1.0
GlobalFIFO,590.0,0.0007297468185424804,0.03934880256652832,1.0
GlobalFIFO,591.0,0.0022508525848388672,0.04865523338317871,3.0
GlobalFIFO,592.0,0.0022343945503234867,0.04855437755584717,2.0
GlobalFIFO,593.0,0.002201504707336427,0.04835266590118409,3.0
GlobalFIFO,594.0,0.0021857929229736313,0.04825181007385253,2.0
GlobalFIFO,595.0,0.002202186584472657,0.04835266590118409,3.0
GlobalFIFO,596.0,0.0022041010856628427,0.04835266590118409,1.0
GlobalFIFO,597.0,0.0022041010856628427,0.04835266590118409,0.0
GlobalFIFO,598.0,0.002155442237854003,0.048050098419189446,1.0
GlobalFIFO,599.0,0.0021904563903808578,0.04853837013244628,1.0
GlobalFIFO,600.0,0.002206871509552001,0.04846139430999755,2.0
CLIMB,0.0,,,2.0
CLIMB,1.0,,,1.0
CLIMB,2.0,,,2.0
CLIMB,3.0,,,1.0
CLIMB,4.0,,,1.0
CLIMB,5.0,,,0.0
CLIMB,6.0,,,1.0
CLIMB,7.0,,,0.0
CLIMB,8.0,0.0007287979125976563,0.04065299987792969,2.0
CLIMB,9.0,0.000728762149810791,0.04408018350601196,1.0
CLIMB,10.0,0.0007287502288818359,0.04439016342163086,1.0
CLIMB,11.0,0.0007286739349365235,0.04439016342163086,1.0
CLIMB,12.0,0.0007286739349365235,0.04439016342163086,2.0
CLIMB,13.0,0.0007286739349365235,0.04439016342163086,0.0
CLIMB,14.0,0.0007286953926086426,0.04439082384109497,1.0
CLIMB,15.0,0.0007286095619201661,0.044388182163238525,3.0
CLIMB,16.0,0.0007285881042480469,0.044387521743774416,1.0
CLIMB,17.0,0.0007279014587402344,0.044387521743774416,2.0
CLIMB,18.0,0.0010194611549377438,0.0443868613243103,2.0
CLIMB,19.0,0.0010228919982910153,0.04424249649047851,2.0
CLIMB,20.0,0.0010194611549377438,0.04302239179611206,2.0
CLIMB,21.0,0.0010198950767517088,0.04302239179611206,4.0
CLIMB,22.0,0.0010164976119995115,0.043014817237854004,1.0
CLIMB,23.0,0.0010164976119995115,0.043014817237854004,3.0
CLIMB,24.0,0.0010131001472473142,0.04300724267959595,3.0
CLIMB,25.0,0.0010232925415039058,0.042037649154663084,0.0
CLIMB,26.0,0.0010266900062561037,0.04206479549407959,3.0
CLIMB,27.0,0.0010232925415039058,0.043727788925170895,0.0
CLIMB,28.0,0.0007301902770996093,0.043727788925170895,0.0
CLIMB,29.0,0.0007302570343017578,0.043785228729248046,2.0
CLIMB,30.0,0.0021399307250976572,0.0557279658317566,2.0
CLIMB,31.0,0.00218409538269043,0.0557279658317566,2.0
CLIMB,32.0,0.002172927856445311,0.055664482116699214,2.0
CLIMB,33.0,0.0021505928039550776,0.055537514686584466,2.0
CLIMB,34.0,0.0021059226989746096,0.055283579826354984,1.0
CLIMB,35.0,0.0021059226989746096,0.055283579826354984,1.0
CLIMB,36.0,0.0023037219047546387,0.0552200961112976,2.0
CLIMB,37.0,0.0023037219047546387,0.0552200961112976,2.0
CLIMB,38.0,0.002304060459136963,0.05534706354141234,4.0
CLIMB,39.0,0.0023038911819458006,0.055283579826354984,2.0
CLIMB,40.0,0.0021030402183532695,0.042813048362731934,1.0
CLIMB,41.0,0.0020736098289489743,0.042820286750793454,1.0
CLIMB,42.0,0.0021408081054687497,0.042820286750793454,1.0
CLIMB,43.0,0.0021607017517089834,0.04282752513885498,3.0
CLIMB,44.0,0.0022004890441894532,0.04284200191497803,1.0
CLIMB,45.0,0.0022104358673095703,0.04284562110900879,4.0
CLIMB,46.0,0.0012546825408935546,0.04284562110900879,1.0
CLIMB,47.0,0.001239440441131592,0.04672226190567017,1.0
CLIMB,48.0,0.001239440441131592,0.04672226190567017,0.0
CLIMB,49.0,0.0012496018409729004,0.046776154041290284,1.0
CLIMB,50.0,0.0012496018409729004,0.046747486591339114,3.0
CLIMB,51.0,0.0012496018409729004,0.046747486591339114,1.0
CLIMB,52.0,0.000733327865600586,0.04679752349853516,1.0
CLIMB,53.0,0.000733327865600586,0.04679752349853516,1.0
CLIMB,54.0,0.0007330536842346192,0.046747486591339114,2.0
CLIMB,55.0,0.0007327795028686523,0.04669744968414307,1.0
CLIMB,56.0,0.0007330536842346192,0.04667648315429688,3.0
CLIMB,57.0,0.0006765484809875488,0.04126499891281128,1.0
CLIMB,58.0,0.0006765484809875488,0.04126499891281128,2.0
CLIMB,59.0,0.0006764364242553711,0.041236958503723144,3.0
CLIMB,60.0,0.0006864213943481445,0.04139009714126587,1.0
CLIMB,61.0,0.0006863212585449218,0.043068494796752926,1.0
CLIMB,62.0,0.0012056541442871094,0.043051233291625975,2.0
CLIMB,63.0,0.0012000179290771486,0.04303099632263183,1.0
CLIMB,64.0,0.0012112903594970702,0.043071470260620116,0.0
CLIMB,65.0,0.001216926574707031,0.04309170722961426,1.0
CLIMB,66.0,0.0012056541442871094,0.043051233291625975,1.0
CLIMB,67.0,0.0012112903594970702,0.043071470260620116,1.0
CLIMB,68.0,0.0012056541442871094,0.043051233291625975,1.0
CLIMB,69.0,0.0012056541442871094,0.04424777984619141,0.0
CLIMB,70.0,0.0012155389785766598,0.04427027225494385,0.0
CLIMB,71.0,0.0012214064598083498,0.043986630439758305,1.0
CLIMB,72.0,0.0006635308265686036,0.044240498542785646,1.0
CLIMB,73.0,0.0006529140472412109,0.04425994873046875,3.0
CLIMB,74.0,0.0007394027709960937,0.044201598167419434,2.0
CLIMB,75.0,0.0007391738891601563,0.044182147979736325,2.0
CLIMB,76.0,0.0007394027709960937,0.044201598167419434,2.0
CLIMB,77.0,0.0007802724838256837,0.04414324760437012,1.0
CLIMB,78.0,0.0007807087898254395,0.04416269779205322,1.0
CLIMB,79.0,0.0007802724838256837,0.04214675426483155,1.0
CLIMB,80.0,0.0007802724838256837,0.04214675426483155,2.0
CLIMB,81.0,0.0007802724838256837,0.04214675426483155,1.0
CLIMB,82.0,0.000778963565826416,0.03986143112182617,1.0
CLIMB,83.0,0.000778963565826416,0.03986143112182617,0.0
CLIMB,84.0,0.0007790088653564453,0.03987793922424317,0.0
CLIMB,85.0,0.000779571533203125,0.03988344192504883,1.0
CLIMB,86.0,0.000779571533203125,0.03988344192504883,1.0
CLIMB,87.0,0.0007283115386962891,0.03989046573638916,0.0
CLIMB,88.0,0.0007283115386962891,0.03989046573638916,1.0
CLIMB,89.0,0.000728302001953125,0.03921648025512695,2.0
CLIMB,90.0,0.0007282924652099609,0.039215316772460936,1.0
CLIMB,91.0,0.0007282924652099609,0.039215316772460936,2.0
CLIMB,92.0,0.0006892871856689453,0.03730057716369629,2.0
CLIMB,93.0,0.0007058668136596679,0.04355505466461181,2.0
CLIMB,94.0,0.0007056927680969238,0.04351468801498413,3.0
CLIMB,95.0,0.0007061481475830079,0.04347432136535644,0.0
CLIMB,96.0,0.0007061481475830079,0.04347432136535644,2.0
CLIMB,97.0,0.0007181930541992188,0.04343395471572876,1.0
CLIMB,98.0,0.0007181930541992188,0.04343395471572876,1.0
CLIMB,99.0,0.00071915864944458,0.04366417407989502,2.0
CLIMB,100.0,0.0007791900634765625,0.04366417407989502,2.0
CLIMB,101.0,0.0007790565490722656,0.04364938735961914,0.0
CLIMB,102.0,0.0007778453826904296,0.04361981391906738,1.0
CLIMB,103.0,0.0007790565490722656,0.04222142696380615,0.0
CLIMB,104.0,0.0007796621322631836,0.04223114252090454,1.0
CLIMB,105.0,0.0010016202926635743,0.04222142696380615,4.0
CLIMB,106.0,0.0010016202926635743,0.04222142696380615,1.0
CLIMB,107.0,0.001004025936126709,0.04223114252090454,0.0
CLIMB,108.0,0.001004025936126709,0.04223114252090454,2.0
CLIMB,109.0,0.0013146686553955078,0.03760411262512207,1.0
CLIMB,110.0,0.0013019657135009764,0.04024487257003784,0.0
CLIMB,111.0,0.0012987899780273436,0.04313013076782227,2.0
CLIMB,112.0,0.0013019657135009764,0.043336834907531735,1.0
CLIMB,113.0,0.0013019657135009764,0.043336834907531735,3.0
CLIMB,114.0,0.0012987899780273436,0.043321390151977536,2.0
CLIMB,115.0,0.001265778541564941,0.043321390151977536,2.0
CLIMB,116.0,0.001265778541564941,0.043321390151977536,4.0
CLIMB,117.0,0.0012547111511230467,0.04329050064086914,2.0
CLIMB,118.0,0.0012436437606811524,0.04325961112976074,1.0
CLIMB,119.0,0.0007757902145385741,0.04330594539642334,2.0
CLIMB,120.0,0.0007800984382629395,0.04336772441864014,1.0
CLIMB,121.0,0.0007831406593322754,0.04184493780136109,0.0
CLIMB,122.0,0.0007825279235839843,0.04212519645690918,0.0
CLIMB,123.0,0.0007806897163391113,0.04429734945297241,1.0
CLIMB,124.0,0.0007813024520874023,0.04432053089141846,0.0
CLIMB,125.0,0.0007261180877685547,0.044366893768310545,0.0
CLIMB,126.0,0.000726325511932373,0.04439007520675659,0.0
CLIMB,127.0,0.0007267403602600098,0.04443643808364868,1.0
CLIMB,128.0,0.0007280158996582031,0.04445961952209473,2.0
CLIMB,129.0,0.0007279419898986816,0.04443643808364868,0.0
CLIMB,130.0,0.0007279419898986816,0.04443643808364868,2.0
CLIMB,131.0,0.0007216501235961914,0.04443643808364868,2.0
CLIMB,132.0,0.0007291507720947266,0.044302663803100585,1.0
CLIMB,133.0,0.0007293939590454102,0.040233266353607175,0.0
CLIMB,134.0,0.0007293939590454102,0.040233266353607175,2.0
CLIMB,135.0,0.0007293128967285156,0.040206923484802246,2.0
CLIMB,136.0,0.0007293128967285156,0.040206923484802246,3.0
CLIMB,137.0,0.0007291507720947266,0.04020442008972168,1.0
CLIMB,138.0,0.0007292318344116211,0.04022449016571045,0.0
CLIMB,139.0,0.0007293128967285156,0.040244560241699215,0.0
CLIMB,140.0,0.0007293939590454102,0.04026463031768799,0.0
CLIMB,141.0,,,2.0
CLIMB,142.0,,,2.0
CLIMB,143.0,,,1.0
CLIMB,144.0,0.0007024049758911133,0.03833998441696167,1.0
CLIMB,145.0,0.0007022666931152344,0.04196216583251953,1.0
CLIMB,146.0,0.0007021284103393555,0.04192382335662842,4.0
CLIMB,147.0,0.0007454919815063477,0.04210169792175293,2.0
CLIMB,148.0,0.0007450771331787109,0.04208876609802246,1.0
CLIMB,149.0,0.0007450771331787109,0.04208876609802246,3.0
CLIMB,150.0,0.0007442474365234375,0.042062902450561525,2.0
CLIMB,151.0,0.000743858814239502,0.045599396228790286,3.0
CLIMB,152.0,0.0007467174530029297,0.045599396228790286,2.0
CLIMB,153.0,0.0007465648651123046,0.04563901901245117,3.0
CLIMB,154.0,0.0007467174530029297,0.045670809745788576,1.0
CLIMB,155.0,0.0007470226287841796,0.04573439121246338,2.0
CLIMB,156.0,0.0007471752166748047,0.04576618194580078,0.0
CLIMB,157.0,0.0007315778732299805,0.045829763412475584,1.0
CLIMB,158.0,0.0007315778732299805,0.045829763412475584,2.0
CLIMB,159.0,0.0007659530639648437,0.04579797267913818,1.0
CLIMB,160.0,0.000766305923461914,0.045829763412475584,1.0
CLIMB,161.0,0.0007659530639648437,0.042834792137146,2.0
CLIMB,162.0,0.0007632827758789063,0.042834792137146,0.0
CLIMB,163.0,0.000762929916381836,0.04266075611114502,2.0
CLIMB,164.0,0.000762929916381836,0.04155218362808227,2.0
CLIMB,165.0,0.0007619976997375489,0.04149859189987183,0.0
CLIMB,166.0,0.0008855009078979491,0.04141820430755615,4.0
CLIMB,167.0,0.0008841395378112793,0.041391408443450926,2.0
CLIMB,168.0,0.0008841395378112793,0.041391408443450926,2.0
CLIMB,169.0,0.0008753776550292969,0.041391408443450926,1.0
CLIMB,170.0,0.0008773231506347655,0.04141820430755615,0.0
CLIMB,171.0,0.0008812141418457029,0.041471796035766596,3.0
CLIMB,172.0,0.0008887720108032226,0.04141820430755615,0.0
CLIMB,173.0,0.000889899730682373,0.03972384691238403,1.0
CLIMB,174.0,0.0008910274505615233,0.039732542037963864,2.0
CLIMB,175.0,0.0008921551704406739,0.039741237163543705,0.0
CLIMB,176.0,0.000784921646118164,0.03968753814697266,1.0
CLIMB,177.0,0.000784921646118164,0.039694023132324216,2.0
CLIMB,178.0,0.0007840633392333984,0.03967616558074951,2.0
CLIMB,179.0,0.0007840633392333984,0.03978250980377197,1.0
CLIMB,180.0,0.0007840633392333984,0.03978250980377197,2.0
CLIMB,181.0,0.0007840633392333984,0.03978250980377197,1.0
CLIMB,182.0,0.0006960964202880859,0.039788551330566406,1.0
CLIMB,183.0,0.0006961774826049805,0.03916183471679687,0.0
CLIMB,184.0,0.0006961774826049805,0.03916183471679687,1.0
CLIMB,185.0,0.0006961774826049805,0.03916183471679687,3.0
CLIMB,186.0,0.0006961774826049805,0.03916183471679687,1.0
CLIMB,187.0,0.0006961774826049805,0.039139719009399415,2.0
CLIMB,188.0,0.0007004976272583008,0.039155220985412596,0.0
CLIMB,189.0,0.0007003688812255859,0.047071104049682615,5.0
CLIMB,190.0,0.0007003259658813477,0.04701649188995361,1.0
CLIMB,191.0,0.0008391141891479492,0.04696187973022461,3.0
CLIMB,192.0,0.0008421897888183594,0.047071104049682615,0.0
CLIMB,193.0,0.0008421897888183594,0.047071104049682615,0.0
CLIMB,194.0,0.0008421897888183594,0.047071104049682615,2.0
CLIMB,195.0,0.0008437275886535644,0.04712571620941162,1.0
CLIMB,196.0,0.0008423423767089844,0.047071104049682615,2.0
CLIMB,197.0,0.0008423423767089844,0.047071104049682615,1.0
CLIMB,198.0,0.0008438611030578613,0.04712571620941162,2.0
CLIMB,199.0,,,4.0
CLIMB,200.0,,,1.0
CLIMB,201.0,,,0.0
CLIMB,202.0,,,1.0
CLIMB,203.0,1.2551006364822386,0.104984130859375,0.0
CLIMB,204.0,1.2499353623390197,0.10497127056121826,1.0
CLIMB,205.0,1.2499353623390197,0.10497127056121826,0.0
CLIMB,206.0,1.2551006364822386,0.104984130859375,1.0
CLIMB,207.0,1.260265910625458,0.10499699115753174,0.0
CLIMB,208.0,3.269525351524352,0.104984130859375,0.0
CLIMB,209.0,3.365387659072876,0.10495841026306152,0.0
CLIMB,210.0,3.3615451836586,0.11682686567306519,0.0
CLIMB,211.0,3.3538602328300477,0.1178256893157959,1.0
CLIMB,212.0,3.3538602328300477,0.1178256893157959,1.0
CLIMB,213.0,3.369230134487152,0.11788561820983887,0.0
CLIMB,214.0,11.304124133586882,0.11788561820983887,0.0
CLIMB,215.0,11.304124133586882,0.11788561820983887,0.0
CLIMB,216.0,11.697640056610107,0.11787063598632813,0.0
CLIMB,217.0,11.672426352500915,0.11785565376281738,0.0
CLIMB,218.0,11.697640056610107,0.11787063598632813,0.0
CLIMB,219.0,11.74806746482849,0.11790060043334961,0.0
CLIMB,220.0,11.74806746482849,0.11636394023895263,0.0
CLIMB,221.0,11.722853760719298,0.10948971033096314,0.0
CLIMB,222.0,11.74806746482849,0.09374668121337891,0.0
CLIMB,223.0,11.722853760719298,0.09371859073638916,0.0
CLIMB,224.0,9.251518681049347,0.10403719902038575,1.0
CLIMB,225.0,9.22341632604599,0.10396231651306152,1.0
CLIMB,226.0,7.698120808601381,0.10399975776672363,1.0
CLIMB,227.0,5.189043385982513,0.10403719902038575,0.0
CLIMB,228.0,8.232251620292665,0.10399975776672363,0.0
CLIMB,229.0,8.232251620292665,0.10399975776672363,0.0
CLIMB,230.0,8.350765824317932,0.10399975776672363,0.0
CLIMB,231.0,8.393880701065063,0.10416558265686035,0.0
CLIMB,232.0,8.393880701065063,0.10416558265686035,0.0
CLIMB,233.0,8.372323262691499,0.1041395092010498,0.0
CLIMB,234.0,8.415438139438628,0.10157212734222412,0.0
CLIMB,235.0,8.393880701065063,0.10154431343078613,1.0
CLIMB,236.0,8.393880701065063,0.10154431343078613,1.0
CLIMB,237.0,8.393880701065063,0.10154431343078613,0.0
CLIMB,238.0,6.9395520520210265,0.10151649951934814,0.0
CLIMB,239.0,6.938117671012878,0.10148868560791016,0.0
CLIMB,240.0,6.938117671012878,0.10148868560791016,0.0
CLIMB,241.0,6.938117671012878,0.09861090183258056,0.0
CLIMB,242.0,6.935248908996582,0.09853599548339843,0.0
CLIMB,243.0,6.938117671012878,0.09407534599304199,0.0
CLIMB,244.0,6.938117671012878,0.09053723812103272,2.0
CLIMB,245.0,6.942420814037323,0.08810870170593262,1.0
CLIMB,246.0,6.942420814037323,0.08810870170593262,0.0
CLIMB,247.0,6.940986433029175,0.08810065269470214,0.0
CLIMB,248.0,6.716374642848968,0.08718847751617431,0.0
CLIMB,249.0,6.718970413208007,0.0846287202835083,0.0
CLIMB,250.0,6.728611087799073,0.0801925539970398,0.0
CLIMB,251.0,6.738251762390137,0.07886484146118164,0.0
CLIMB,252.0,,,0.0
CLIMB,253.0,,,2.0
CLIMB,254.0,6.738251762390137,0.06899041175842285,0.0
CLIMB,255.0,6.718970413208007,0.07348735809326172,0.0
CLIMB,256.0,6.699689064025879,0.09491773605346679,1.0
CLIMB,257.0,5.539944546222686,0.0951504373550415,0.0
CLIMB,258.0,5.1285473728179936,0.0961106300354004,0.0
CLIMB,259.0,5.1285473728179936,0.0961106300354004,0.0
CLIMB,260.0,5.1285473728179936,0.0961106300354004,0.0
CLIMB,261.0,5.1267673110961915,0.09577627182006836,0.0
CLIMB,262.0,5.1267673110961915,0.09577627182006836,1.0
CLIMB,263.0,5.1267673110961915,0.09577627182006836,1.0
CLIMB,264.0,5.127657341957092,0.09594345092773438,0.0
CLIMB,265.0,5.1285473728179936,0.0961106300354004,0.0
CLIMB,266.0,5.129308650493622,0.08819358348846436,0.0
CLIMB,267.0,5.129308650493622,0.08819358348846436,0.0
CLIMB,268.0,4.983727064132689,0.08508748531341552,0.0
CLIMB,269.0,4.983727064132689,0.08508748531341552,0.0
CLIMB,270.0,4.947594757080078,0.08505655288696289,1.0
CLIMB,271.0,5.001793217658997,0.07809329032897949,1.0
CLIMB,272.0,5.019859371185302,0.07686099052429199,0.0
CLIMB,273.0,5.954062604904175,0.07695223093032837,0.0
CLIMB,274.0,5.944989566802978,0.07694961071014404,0.0
CLIMB,275.0,5.935916528701782,0.07694699048995972,0.0
CLIMB,276.0,5.9214502143859855,0.07694961071014404,0.0
CLIMB,277.0,5.9214502143859855,0.07694961071014404,0.0
CLIMB,278.0,5.9214502143859855,0.07668836116790771,1.0
CLIMB,279.0,5.9214502143859855,0.07668836116790771,0.0
CLIMB,280.0,5.934446477890015,0.07669085264205933,1.0
CLIMB,281.0,6.855804743766784,0.07668836116790771,0.0
CLIMB,282.0,6.852451198101043,0.08995340824127197,0.0
CLIMB,283.0,6.852451198101043,0.09072779178619385,0.0
CLIMB,284.0,6.849097652435303,0.09069594383239746,0.0
CLIMB,285.0,6.852451198101043,0.09072779178619385,0.0
CLIMB,286.0,6.852451198101043,0.09072779178619385,0.0
CLIMB,287.0,6.845744106769562,0.09066409587860108,2.0
CLIMB,288.0,6.849097652435303,0.09069594383239746,1.0
CLIMB,289.0,6.986044859886169,0.09063224792480469,0.0
CLIMB,290.0,6.986044859886169,0.09063224792480469,0.0
CLIMB,291.0,6.986044859886169,0.09412603378295899,0.0
CLIMB,292.0,6.986595680713654,0.09393733978271485,0.0
CLIMB,293.0,6.986044859886169,0.09387717247009278,0.0
CLIMB,294.0,6.986595680713654,0.09393733978271485,0.0
CLIMB,295.0,6.985494039058685,0.09381700515747071,1.0
CLIMB,296.0,6.985494039058685,0.09381700515747071,1.0
CLIMB,297.0,6.986595680713654,0.09393733978271485,0.0
CLIMB,298.0,6.9849432182312015,0.09957928657531738,0.0
CLIMB,299.0,6.025464568138122,0.10005505084991455,0.0
CLIMB,300.0,4.939995765686035,0.10007195472717285,0.0
CLIMB,301.0,4.271531753540039,0.10007195472717285,1.0
CLIMB,302.0,4.268749184608459,0.10005505084991455,1.0
CLIMB,303.0,4.274314322471619,0.10008885860443115,1.0
CLIMB,304.0,22.090288906097413,0.10007195472717285,0.0
CLIMB,305.0,22.102350378036498,0.10010576248168945,0.0
CLIMB,306.0,22.096319642066955,0.10008885860443115,0.0
CLIMB,307.0,22.096319642066955,0.10008885860443115,0.0
CLIMB,308.0,22.096319642066955,0.09829461574554443,0.0
CLIMB,309.0,22.114411849975586,0.09570319175720216,0.0
CLIMB,310.0,22.108381114006043,0.09567235469818115,0.0
CLIMB,311.0,22.120442585945128,0.09573402881622314,0.0
CLIMB,312.0,22.120442585945128,0.1101924467086792,0.0
CLIMB,313.0,22.114411849975586,0.11090960502624511,0.0
CLIMB,314.0,19.770719118118286,0.11099832057952881,0.0
CLIMB,315.0,19.73523355484009,0.11090960502624511,0.0
CLIMB,316.0,18.090630741119384,0.11095396280288697,0.0
CLIMB,317.0,18.090630741119384,0.11095396280288697,0.0
CLIMB,318.0,16.234288730621337,0.1110870361328125,0.0
CLIMB,319.0,16.21414672136307,0.11104267835617065,0.0
CLIMB,320.0,14.20481630563736,0.11104267835617065,0.0
CLIMB,321.0,14.185648398399351,0.11099832057952881,0.0
CLIMB,322.0,12.32136870622635,0.10673843622207642,0.0
CLIMB,323.0,11.105459699630737,0.10489345550537109,0.0
CLIMB,324.0,11.091221108436583,0.10482837200164795,0.0
CLIMB,325.0,7.185599386692047,0.11702941656112671,1.0
CLIMB,326.0,7.145208215713501,0.11650341033935546,1.0
CLIMB,327.0,7.145208215713501,0.11650341033935546,0.0
CLIMB,328.0,11.378621816635132,0.11615273952484131,0.0
CLIMB,329.0,11.378621816635132,0.11585505008697511,0.0
CLIMB,330.0,11.371064639091491,0.11537971258163454,0.0
CLIMB,331.0,11.378621816635132,0.11560938358306885,0.0
CLIMB,332.0,11.378621816635132,0.11560938358306885,0.0
CLIMB,333.0,11.371064639091491,0.11537971258163454,0.0
CLIMB,334.0,11.386178994178772,0.11583905458450318,0.0
CLIMB,335.0,11.393736171722413,0.0948354434967041,0.0
CLIMB,336.0,11.408850526809692,0.09486133098602295,0.0
CLIMB,337.0,11.401293349266052,0.09484838724136352,0.0
CLIMB,338.0,9.857688772678376,0.09487427473068237,1.0
CLIMB,339.0,9.478387172222137,0.09466245174407958,1.0
CLIMB,340.0,6.358022532463072,0.08733443737030029,0.0
CLIMB,341.0,6.8009413146972655,0.08733372926712037,0.0
CLIMB,342.0,6.8038797855377195,0.09485046863555908,0.0
CLIMB,343.0,6.801332721710205,0.09479080200195313,0.0
CLIMB,344.0,6.800059189796448,0.09476096868515015,0.0
CLIMB,345.0,6.797512125968933,0.10338088274002075,0.0
CLIMB,346.0,6.79878565788269,0.1034777307510376,0.0
CLIMB,347.0,6.7962385940551755,0.10471485137939453,1.0
CLIMB,348.0,6.7962385940551755,0.10471485137939453,0.0
CLIMB,349.0,6.793691530227661,0.10470000743865966,1.0
CLIMB,350.0,6.794965062141419,0.1047074294090271,0.0
CLIMB,351.0,6.664006328582763,0.10471485137939453,0.0
CLIMB,352.0,5.453269779682159,0.10472227334976196,0.0
CLIMB,353.0,4.870003266334534,0.10473711729049683,0.0
CLIMB,354.0,4.871797399520874,0.10474453926086426,0.0
CLIMB,355.0,4.873591532707215,0.10355463743209839,1.0
CLIMB,356.0,4.871797399520874,0.10350584030151366,1.0
CLIMB,357.0,4.877179799079895,0.08450841188430787,0.0
CLIMB,358.0,6.292770714759827,0.08440164089202881,0.0
CLIMB,359.0,6.312059278488159,0.08513747215270995,0.0
CLIMB,360.0,6.304343852996826,0.09774446487426758,0.0
CLIMB,361.0,6.300486140251159,0.09840654373168946,0.0
CLIMB,362.0,6.308201565742492,0.09848596572875977,0.0
CLIMB,363.0,6.308201565742492,0.09848596572875977,1.0
CLIMB,364.0,6.304343852996826,0.09844625473022461,1.0
CLIMB,365.0,6.300486140251159,0.46891248464584356,0.0
CLIMB,366.0,6.296628427505493,0.4854141473770142,0.0
CLIMB,367.0,6.296628427505493,0.4854141473770142,1.0
CLIMB,368.0,4.397835903167724,0.48943543434143066,0.0
CLIMB,369.0,4.420873186588287,0.4874247908592224,0.0
CLIMB,370.0,3.896280205249786,0.49144607782363886,0.0
CLIMB,371.0,3.7737219667434676,0.49345672130584706,0.0
CLIMB,372.0,3.7737219667434676,0.49345672130584706,1.0
CLIMB,373.0,3.6913316893577566,0.49144607782363886,1.0
CLIMB,374.0,3.728449025154112,0.49345672130584706,1.0
CLIMB,375.0,3.7655663609504706,0.29455156326293946,1.0
CLIMB,376.0,,,1.0
CLIMB,377.0,9.296481645107269,0.08934511661529541,0.0
CLIMB,378.0,9.296481645107269,0.08934511661529541,0.0
CLIMB,379.0,9.296481645107269,0.08934511661529541,0.0
CLIMB,380.0,9.296481645107269,0.08934511661529541,0.0
CLIMB,381.0,9.296481645107269,0.08934511661529541,0.0
CLIMB,382.0,9.29609501361847,0.08931503295898438,0.0
CLIMB,383.0,9.296352767944336,0.0893350887298584,0.0
CLIMB,384.0,9.296352767944336,0.0893350887298584,0.0
CLIMB,385.0,9.29609501361847,0.08931503295898438,1.0
CLIMB,386.0,9.295966136455537,0.08930500507354737,2.0
CLIMB,387.0,6.245033779144287,0.08842428207397461,0.0
CLIMB,388.0,6.245033779144287,0.08842428207397461,1.0
CLIMB,389.0,7.740572929382324,0.08842428207397461,0.0
CLIMB,390.0,7.740572929382324,0.08842428207397461,0.0
CLIMB,391.0,7.805169906616213,0.09584553003311157,0.0
CLIMB,392.0,7.82612886428833,0.09585044384002686,0.0
CLIMB,393.0,7.805169906616213,0.09584553003311157,0.0
CLIMB,394.0,7.805169906616213,0.09584553003311157,0.0
CLIMB,395.0,7.868046779632568,0.09586027145385742,0.0
CLIMB,396.0,7.868046779632568,0.09586027145385742,1.0
CLIMB,397.0,7.847087821960449,0.09585535764694214,1.0
CLIMB,398.0,7.847087821960449,0.09585535764694214,0.0
CLIMB,399.0,5.938709688186646,0.09585044384002686,0.0
CLIMB,400.0,5.938709688186646,0.09585044384002686,3.0
CLIMB,401.0,5.529374084472656,0.0929853630065918,1.0
CLIMB,402.0,4.06533613204956,0.08760415077209473,2.0
CLIMB,403.0,2.2942395639419555,0.12289955615997313,2.0
CLIMB,404.0,2.2942395639419555,0.12289955615997313,2.0
CLIMB,405.0,2.2919297719001768,0.12251447439193724,2.0
CLIMB,406.0,2.2919297719001768,0.12235908031463621,0.0
CLIMB,407.0,2.2896199798583985,0.11922621726989746,2.0
CLIMB,408.0,2.2873101878166198,0.1184782385826111,1.0
CLIMB,409.0,0.0008159351348876954,0.11865511894226073,0.0
CLIMB,410.0,0.0008159351348876954,0.11865511894226073,2.0
CLIMB,411.0,0.0008159351348876954,0.11865511894226073,0.0
CLIMB,412.0,0.0008159351348876954,0.11865511894226073,2.0
CLIMB,413.0,0.0008118534088134765,0.04324869155883789,1.0
CLIMB,414.0,0.0008101940155029298,0.04324250221252442,1.0
CLIMB,415.0,0.0008101940155029298,0.04324250221252442,1.0
CLIMB,416.0,0.0008093643188476563,0.043239407539367676,2.0
CLIMB,417.0,0.0008110237121582031,0.04277428865432739,1.0
CLIMB,418.0,0.000734548568725586,0.04278074264526367,2.0
CLIMB,419.0,0.000734548568725586,0.04278074264526367,1.0
CLIMB,420.0,0.0008636236190795899,0.04276783466339111,1.0
CLIMB,421.0,0.0008639526367187501,0.04277428865432739,1.0
CLIMB,422.0,0.0008608627319335938,0.042761380672454836,0.0
CLIMB,423.0,0.0008684158325195312,0.042754926681518556,0.0
CLIMB,424.0,0.0008699893951416016,0.04276783466339111,2.0
CLIMB,425.0,0.0008692026138305665,0.046093773841857914,6.0
CLIMB,426.0,0.0008692026138305665,0.04647378921508789,1.0
CLIMB,427.0,0.0008699893951416016,0.046475887298583984,1.0
CLIMB,428.0,0.0008684158325195312,0.046471691131591795,4.0
CLIMB,429.0,0.0008684158325195312,0.046471691131591795,1.0
CLIMB,430.0,0.0007929325103759766,0.046475887298583984,0.0
CLIMB,431.0,0.0007929325103759766,0.046475887298583984,2.0
CLIMB,432.0,0.0007941818237304687,0.04648008346557617,1.0
CLIMB,433.0,0.0007775115966796875,0.04648008346557617,2.0
CLIMB,434.0,0.0007770681381225586,0.046477985382080075,2.0
CLIMB,435.0,0.0007762956619262695,0.04595643997192383,0.0
CLIMB,436.0,0.0007762956619262695,0.04249922275543213,1.0
CLIMB,437.0,0.0007762956619262695,0.04249922275543213,1.0
CLIMB,438.0,0.0007762742042541504,0.04236390590667725,1.0
CLIMB,439.0,0.0007768058776855468,0.04236750602722168,0.0
CLIMB,440.0,0.0007768058776855468,0.04236750602722168,1.0
CLIMB,441.0,0.0007762742042541504,0.04236390590667725,2.0
CLIMB,442.0,0.0007752108573913575,0.04235670566558838,1.0
CLIMB,443.0,0.0007275056838989258,0.04236390590667725,1.0
CLIMB,444.0,0.0007263898849487304,0.04236390590667725,3.0
CLIMB,445.0,0.0009149932861328124,0.04236750602722168,2.0
CLIMB,446.0,0.0009180593490600585,0.042374706268310545,3.0
CLIMB,447.0,0.0009137725830078125,0.04236750602722168,2.0
CLIMB,448.0,0.0009129810333251954,0.03955289125442505,0.0
CLIMB,449.0,0.0009089183807373048,0.040164122581481936,3.0
CLIMB,450.0,0.0009068870544433592,0.040159626007080076,2.0
CLIMB,451.0,0.0009068870544433592,0.040159626007080076,1.0
CLIMB,452.0,0.0009068870544433592,0.040159626007080076,0.0
CLIMB,453.0,0.0009048557281494139,0.040584874153137204,1.0
CLIMB,454.0,0.0009068870544433592,0.04058914184570313,1.0
CLIMB,455.0,0.0007261157035827636,0.04091975450515747,1.0
CLIMB,456.0,0.0007261157035827636,0.04091975450515747,2.0
CLIMB,457.0,0.0007257962226867676,0.040926177501678464,0.0
CLIMB,458.0,0.000705881118774414,0.04093581199645996,0.0
CLIMB,459.0,0.000693206787109375,0.040942234992980955,0.0
CLIMB,460.0,0.0006933450698852539,0.040945446491241454,1.0
CLIMB,461.0,0.0007157325744628906,0.04183778762817383,1.0
CLIMB,462.0,0.0007158517837524414,0.04420082569122315,2.0
CLIMB,463.0,0.0007158517837524414,0.04420082569122315,1.0
CLIMB,464.0,0.0007188606262207031,0.04412796974182129,1.0
CLIMB,465.0,0.0007189130783081055,0.04417654037475586,0.0
CLIMB,466.0,0.0007189130783081055,0.04417654037475586,0.0
CLIMB,467.0,0.0007189130783081055,0.04417654037475586,1.0
CLIMB,468.0,0.0007188868522644043,0.04415225505828858,1.0
CLIMB,469.0,0.0007188868522644043,0.04415225505828858,1.0
CLIMB,470.0,0.000718834400177002,0.044103684425354006,4.0
CLIMB,471.0,0.0007187557220458984,0.043889312744140624,3.0
CLIMB,472.0,0.0007187843322753907,0.040059018135070804,3.0
CLIMB,473.0,0.0007187557220458984,0.04002627611160278,2.0
CLIMB,474.0,0.0007151126861572266,0.03701691627502442,0.0
CLIMB,475.0,0.000760805606842041,0.04121252536773681,1.0
CLIMB,476.0,0.000760805606842041,0.04121252536773681,1.0
CLIMB,477.0,0.0007597804069519043,0.04118878841400146,3.0
CLIMB,478.0,0.0007602930068969727,0.04120065689086914,1.0
CLIMB,479.0,0.0007602596282958984,0.04117691993713379,2.0
CLIMB,480.0,0.0007609081268310547,0.04117691993713379,4.0
CLIMB,481.0,0.0009161233901977538,0.04120065689086914,1.0
CLIMB,482.0,0.0009161233901977538,0.04120065689086914,1.0
CLIMB,483.0,0.0011964702606201171,0.04377928733825683,0.0
CLIMB,484.0,0.0011964702606201171,0.04377928733825683,2.0
CLIMB,485.0,0.001199519634246826,0.043727004528045656,2.0
CLIMB,486.0,0.0011934208869934077,0.0436587643623352,2.0
CLIMB,487.0,0.0011964702606201171,0.04369288444519043,1.0
CLIMB,488.0,0.0011964702606201171,0.04369288444519043,1.0
CLIMB,489.0,0.001199519634246826,0.04381022453308105,1.0
CLIMB,490.0,0.0012056183815002438,0.043867368698120114,0.0
CLIMB,491.0,0.0011911034584045413,0.04392451286315918,3.0
CLIMB,492.0,0.0011861801147460933,0.043895940780639645,0.0
CLIMB,493.0,0.0007249689102172851,0.04274085760116577,3.0
CLIMB,494.0,0.0007250356674194336,0.0427707314491272,3.0
CLIMB,495.0,0.0007250690460205078,0.04278566837310791,1.0
CLIMB,496.0,0.0007211208343505859,0.042815542221069335,1.0
CLIMB,497.0,0.0008768844604492188,0.042815542221069335,0.0
CLIMB,498.0,0.000876009464263916,0.04280060529708862,1.0
CLIMB,499.0,0.0008774757385253906,0.042689876556396486,0.0
CLIMB,500.0,0.0008774757385253906,0.042689876556396486,1.0
CLIMB,501.0,0.000876009464263916,0.04264352321624756,1.0
CLIMB,502.0,0.0008774757385253906,0.04262442588806152,0.0
CLIMB,503.0,,,0.0
CLIMB,504.0,,,1.0
CLIMB,505.0,0.0008774757385253906,0.036547336578369144,2.0
CLIMB,506.0,0.000876009464263916,0.0406294584274292,4.0
CLIMB,507.0,0.0007315278053283691,0.04075183868408203,2.0
CLIMB,508.0,0.0006771683692932129,0.04075183868408203,1.0
CLIMB,509.0,0.0006771683692932129,0.04075183868408203,1.0
CLIMB,510.0,0.0006776237487792968,0.042197437286376954,3.0
CLIMB,511.0,0.0006778907775878906,0.04221201896667481,1.0
CLIMB,512.0,0.0006776237487792968,0.042197437286376954,2.0
CLIMB,513.0,0.0008426022529602051,0.04216827392578125,1.0
CLIMB,514.0,0.0008426022529602051,0.04216827392578125,0.0
CLIMB,515.0,0.0008456683158874511,0.042197437286376954,0.0
CLIMB,516.0,0.0008472013473510741,0.04217586994171142,4.0
CLIMB,517.0,0.0008472013473510741,0.04217586994171142,1.0
CLIMB,518.0,0.000842881202697754,0.0422353720664978,2.0
CLIMB,519.0,0.0008441448211669923,0.04222824573516846,1.0
CLIMB,520.0,0.0008465957641601563,0.04147903442382812,4.0
CLIMB,521.0,0.0008453702926635743,0.041465554237365726,0.0
CLIMB,522.0,0.0008465957641601563,0.04119295120239258,3.0
CLIMB,523.0,0.0007323503494262695,0.041242191791534426,1.0
CLIMB,524.0,0.0007323503494262695,0.041242191791534426,1.0
CLIMB,525.0,0.0007362651824951172,0.04119295120239258,0.0
CLIMB,526.0,0.0007361602783203125,0.04261619567871094,2.0
CLIMB,527.0,0.0007621955871582032,0.04270532369613647,1.0
CLIMB,528.0,0.0007633781433105469,0.04272108793258667,3.0
CLIMB,529.0,0.002147645950317383,0.04272108793258667,2.0
CLIMB,530.0,0.002132463455200196,0.042717146873474124,1.0
CLIMB,531.0,0.002147645950317383,0.04272108793258667,3.0
CLIMB,532.0,0.002132463455200196,0.042717146873474124,3.0
CLIMB,533.0,0.002147645950317383,0.04272108793258667,1.0
CLIMB,534.0,0.002145719528198243,0.042717146873474124,2.0
CLIMB,535.0,0.002145719528198243,0.042717146873474124,0.0
CLIMB,536.0,0.0021734333038330076,0.04221863746643066,2.0
CLIMB,537.0,0.00218729019165039,0.040560019016265866,2.0
CLIMB,538.0,0.0021734333038330076,0.04055933952331543,2.0
CLIMB,539.0,0.0008919048309326172,0.040425806045532225,1.0
CLIMB,540.0,0.0008927416801452636,0.04044317722320557,1.0
CLIMB,541.0,0.0008919048309326172,0.040425806045532225,2.0
CLIMB,542.0,0.0008910679817199707,0.04202188491821289,2.0
CLIMB,543.0,0.0008902311325073242,0.04200587272644043,1.0
CLIMB,544.0,0.0008095073699951171,0.042971658706665035,1.0
CLIMB,545.0,0.0008095073699951171,0.042971658706665035,1.0
CLIMB,546.0,0.0008104085922241211,0.04298996925354004,1.0
CLIMB,547.0,0.0007646799087524414,0.04305262565612793,1.0
CLIMB,548.0,0.0007651972770690919,0.043055515289306644,1.0
CLIMB,549.0,0.0007646799087524414,0.04306349754333496,1.0
CLIMB,550.0,0.0007646799087524414,0.04306349754333496,1.0
CLIMB,551.0,0.0007646799087524414,0.04306349754333496,2.0
CLIMB,552.0,0.0007651114463806153,0.04306529998779297,2.0
CLIMB,553.0,0.0007644414901733399,0.04306349754333496,0.0
CLIMB,554.0,0.0007128286361694336,0.04289149284362793,0.0
CLIMB,555.0,0.0009153366088867188,0.04988682270050049,2.0
CLIMB,556.0,0.000914912223815918,0.04980920553207398,4.0
CLIMB,557.0,0.000914912223815918,0.04988379240036011,2.0
CLIMB,558.0,0.0009144878387451172,0.049812955856323234,4.0
CLIMB,559.0,0.0009144878387451172,0.049812955856323234,3.0
CLIMB,560.0,0.0009140634536743163,0.04974211931228637,1.0
CLIMB,561.0,0.0023891806602478016,0.04974211931228637,1.0
CLIMB,562.0,0.0024060726165771465,0.049812955856323234,1.0
CLIMB,563.0,0.002422964572906495,0.04988379240036011,3.0
CLIMB,564.0,0.0024567484855651856,0.05002546548843384,1.0
CLIMB,565.0,0.0024571609497070312,0.04338736534118652,1.0
CLIMB,566.0,0.002476112842559814,0.04328484058380127,1.0
CLIMB,567.0,0.0024777173995971687,0.040129446983337404,0.0
CLIMB,568.0,0.002490823268890381,0.0401378607749939,4.0
CLIMB,569.0,0.0025039291381835937,0.04014627456665039,1.0
CLIMB,570.0,0.0025170350074768064,0.040154688358306885,1.0
CLIMB,571.0,0.0012572669982910155,0.040154688358306885,1.0
CLIMB,572.0,0.0012572669982910155,0.040154688358306885,0.0
CLIMB,573.0,0.0012629699707031247,0.04016310214996338,2.0
CLIMB,574.0,0.0012571001052856443,0.040154688358306885,2.0
CLIMB,575.0,0.0012571001052856443,0.04012668371200562,1.0
CLIMB,576.0,0.001251230239868164,0.0401142692565918,1.0
CLIMB,577.0,0.0007107734680175781,0.03731850624084473,3.0
CLIMB,578.0,0.0007109856605529786,0.03731764078140259,1.0
CLIMB,579.0,0.0007076454162597656,0.0373179292678833,1.0
CLIMB,580.0,0.0007075691223144532,0.03731764078140259,1.0
CLIMB,581.0,0.0007076454162597656,0.037175498008728027,0.0
CLIMB,582.0,0.0007076454162597656,0.037175498008728027,0.0
CLIMB,583.0,0.0007076454162597656,0.037175498008728027,1.0
CLIMB,584.0,0.0007076454162597656,0.037223920822143555,4.0
CLIMB,585.0,0.0007076454162597656,0.037223920822143555,2.0
CLIMB,586.0,0.0007073593139648438,0.03601231575012207,1.0
CLIMB,587.0,0.000707235336303711,0.039247581958770754,0.0
CLIMB,588.0,0.0006956005096435547,0.03934666633605957,1.0
CLIMB,589.0,0.0006955218315124512,0.040871682167053225,1.0
CLIMB,590.0,0.0006955480575561524,0.04088665962219238,1.0
CLIMB,591.0,0.0010931587219238281,0.04085670471191406,2.0
CLIMB,592.0,0.0010888385772705078,0.0408417272567749,3.0
CLIMB,593.0,0.0010814571380615237,0.040811772346496585,3.0
CLIMB,594.0,0.0010772514343261714,0.04079679489135742,1.0
CLIMB,595.0,0.0010814571380615237,0.040811772346496585,4.0
CLIMB,596.0,0.0010814571380615237,0.040811772346496585,1.0
CLIMB,597.0,0.0010814571380615237,0.042765095233917236,0.0
CLIMB,598.0,0.0010724115371704098,0.04321231365203857,1.0
CLIMB,599.0,0.0010803127288818355,0.04321757316589355,2.0
CLIMB,600.0,0.0010763621330261226,0.04321494340896606,0.0
